,start,end
1,23-Apr,5-May
2,5/7/20,5/12/20
3,5/14/20,5/19/20
4,5/21/20,5/26/20
5,5/28/20,6/2/20
6,6/2/20,6/9/20
7,6/11/20,6/16/20
8,6/18/20,6/23/20
9,6/25/20,6/30/20
10,7/2/20,7/7/20
11,7/9/20,7/14/20
12,7/16/20,7/21/20
13,8/19/20,8/31/20
14,9/2/20,9/14/20
15,9/16/20,9/28/20
16,9/30/20,10/12/20
17,10/14/20,10/26/20
18,10/28/20,11/9/20
19,11/11/20,11/23/20
20,11/25/20,12/7/20
21,12/9/20,12/21/20
22,1/6/21,1/18/21
23,1/20/21,2/1/21
24,2/3/21,2/15/21
25,2/17/21,3/1/21
26,3/1/21,3/15/21
27,3/17/21,3/29/21
28,4/14/21,4/26/21
29,4/28/21,5/10/21
30,5/12/21,5/24/21
31,5/26/21,6/7/21
32,6/9/21,6/21/21
33,23-Jun,7/5/21
34,21-Jul,8/2/21
35,8/4/21,8/16/21
36,8/18/21,8/30/21
37,9/1/21,9/13/21
38,9/15/21,9/27/21
39,9/29/21,10/11/21
40,12/1/21,12/13/21
41,12/29/21,1/10/22
42,1/26/22,2/7/22
43,3/2/22,3/14/22
44,3/30/22,4/11/22